Timestamp,"By pressing ""I consent"" and submitting the questionnaire, you are indicating that you have given consent to participate in our research. No personal data is saved nor used. ",Question 1 [Which image do you like best?],Question 1 [Which image do you like second best?],Question 1 [Which image do you like third best],Question 1 [Which image do you like least],Question 2 [Which image do you like best?],Question 2 [Which image do you like second best?],Question 2 [Which image do you like third best],Question 2 [Which image do you like least],Question 3 [Which image do you like best?],Question 3 [Which image do you like second best?],Question 3 [Which image do you like third best],Question 3 [Which image do you like least],Question 4 [Which image do you like best?],Question 4 [Which image do you like second best?],Question 4 [Which image do you like third best],Question 4 [Which image do you like least],Question 5 [Which image do you like best?],Question 5 [Which image do you like second best?],Question 5 [Which image do you like third best],Question 5 [Which image do you like least],Question 6 [Which image do you like best?],Question 6 [Which image do you like second best?],Question 6 [Which image do you like third best],Question 6 [Which image do you like least],Question 7 [Which image do you like best?],Question 7 [Which image do you like second best?],Question 7 [Which image do you like third best],Question 7 [Which image do you like least],Question 8 [Which image do you like best?],Question 8 [Which image do you like second best?],Question 8 [Which image do you like third best],Question 8 [Which image do you like least],Question 9 [Which image do you like best?],Question 9 [Which image do you like second best?],Question 9 [Which image do you like third best],Question 9 [Which image do you like least],Question 10 [Which image do you like best?],Question 10 [Which image do you like second best?],Question 10 [Which image do you like third best],Question 10 [Which image do you like least],Question 11 [Which image do you like best?],Question 11 [Which image do you like second best?],Question 11 [Which image do you like third best],Question 11 [Which image do you like least],Question 12 [Which image do you like best?],Question 12 [Which image do you like second best?],Question 12 [Which image do you like third best],Question 12 [Which image do you like least],Question 13 [Which image do you like best?],Question 13 [Which image do you like second best?],Question 13 [Which image do you like third best],Question 13 [Which image do you like least],Question 14 [Which image do you like best?],Question 14 [Which image do you like second best?],Question 14 [Which image do you like third best],Question 14 [Which image do you like least],Question 15 [Which image do you like best?],Question 15 [Which image do you like second best?],Question 15 [Which image do you like third best],Question 15 [Which image do you like least],Question 16 [Which image do you like best?],Question 16 [Which image do you like second best?],Question 16 [Which image do you like third best],Question 16 [Which image do you like least],Do you have any comments about which features in the images you find appealing?
09/06/2023 13:26:33,I consent,Image 4,Image 1,Image 3,Image 2,Image 2,Image 4,Image 3,Image 1,Image 3,Image 4,Image 1,Image 2,Image 1,Image 3,Image 2,Image 4,Image 2,Image 3,Image 4,Image 1,Image 1,Image 3,Image 4,Image 2,Image 2,Image 3,Image 4,Image 1,Image 3,Image 1,Image 4,Image 2,Image 1,Image 2,Image 4,Image 3,Image 1,Image 4,Image 3,Image 2,Image 2,Image 1,Image 4,Image 3,Image 3,Image 1,Image 2,Image 4,Image 4,Image 1,Image 2,Image 3,Image 2,Image 3,Image 1,Image 4,Image 2,Image 3,Image 1,Image 4,Image 2,Image 3,Image 1,Image 4,
09/06/2023 14:06:59,I consent,Image 1,Image 4,Image 3,Image 2,Image 2,Image 3,Image 4,Image 1,Image 3,Image 1,Image 4,Image 2,Image 1,Image 2,Image 3,Image 4,Image 2,Image 1,Image 4,Image 3,Image 2,Image 3,Image 4,Image 1,Image 2,Image 3,Image 4,Image 1,Image 3,Image 2,Image 4,Image 1,Image 1,Image 4,Image 3,Image 2,Image 1,Image 4,Image 3,Image 2,Image 2,Image 3,Image 4,Image 1,Image 3,Image 2,Image 4,Image 1,Image 4,Image 1,Image 3,Image 2,Image 2,Image 3,Image 1,Image 4,Image 2,Image 3,Image 1,Image 4,Image 1,Image 4,Image 2,Image 3,The ones that are clear and look the most natural to me are more appealing.
09/06/2023 14:16:26,I consent,Image 3,Image 2,Image 1,Image 4,Image 4,Image 3,Image 2,Image 1,Image 3,Image 1,Image 4,Image 2,Image 2,Image 3,Image 4,Image 1,Image 3,Image 2,Image 1,Image 4,Image 2,Image 1,Image 4,Image 3,Image 1,Image 3,Image 4,Image 2,Image 1,Image 4,Image 2,Image 3,Image 2,Image 4,Image 3,Image 1,Image 2,Image 3,Image 1,Image 4,Image 3,Image 4,Image 2,Image 1,Image 1,Image 4,Image 2,Image 3,Image 2,Image 3,Image 1,Image 4,Image 3,Image 4,Image 1,Image 2,Image 1,Image 4,Image 3,Image 2,Image 1,Image 2,Image 3,Image 4,
09/06/2023 14:18:01,I consent,Image 1,Image 2,Image 4,Image 3,Image 2,Image 3,Image 4,Image 1,Image 3,Image 4,Image 1,Image 2,Image 2,Image 1,Image 3,Image 4,Image 2,Image 1,Image 4,Image 3,Image 1,Image 3,Image 2,Image 4,Image 2,Image 4,Image 3,Image 1,Image 4,Image 2,Image 1,Image 3,Image 2,Image 4,Image 3,Image 1,Image 1,Image 3,Image 2,Image 4,Image 4,Image 2,Image 3,Image 1,Image 4,Image 3,Image 1,Image 2,Image 4,Image 2,Image 3,Image 1,Image 4,Image 3,Image 2,Image 1,Image 2,Image 3,Image 1,Image 4,Image 4,Image 2,Image 3,Image 1,
09/06/2023 14:43:02,I consent,Image 4,Image 1,Image 3,Image 2,Image 2,Image 4,Image 3,Image 1,Image 3,Image 4,Image 2,Image 1,Image 2,Image 1,Image 4,Image 3,Image 3,Image 2,Image 4,Image 1,Image 2,Image 3,Image 4,Image 1,Image 2,Image 4,Image 3,Image 1,Image 3,Image 2,Image 4,Image 1,Image 1,Image 2,Image 3,Image 4,Image 4,Image 1,Image 3,Image 2,Image 2,Image 4,Image 1,Image 3,Image 3,Image 2,Image 4,Image 1,Image 4,Image 2,Image 3,Image 1,Image 2,Image 1,Image 3,Image 4,Image 2,Image 3,Image 4,Image 1,Image 2,Image 3,Image 4,Image 1,"Vibrant in colour, strong contrasts, close up, full of life"
09/06/2023 15:02:38,I consent,Image 2,Image 1,Image 3,Image 4,Image 3,Image 2,Image 4,Image 1,Image 3,Image 4,Image 2,Image 1,Image 2,Image 1,Image 3,Image 4,Image 3,Image 2,Image 4,Image 1,Image 3,Image 2,Image 4,Image 1,Image 2,Image 4,Image 3,Image 1,Image 3,Image 2,Image 4,Image 1,Image 1,Image 4,Image 2,Image 3,Image 4,Image 1,Image 2,Image 3,Image 2,Image 4,Image 1,Image 3,Image 3,Image 1,Image 4,Image 2,Image 3,Image 4,Image 1,Image 2,Image 2,Image 1,Image 3,Image 4,Image 2,Image 3,Image 4,Image 1,Image 2,Image 3,Image 1,Image 4,
09/06/2023 15:18:48,I consent,Image 3,Image 2,Image 4,Image 1,Image 2,Image 4,Image 3,Image 1,Image 1,Image 3,Image 4,Image 2,Image 2,Image 4,Image 3,Image 1,Image 2,Image 3,Image 4,Image 1,Image 3,Image 4,Image 2,Image 1,Image 2,Image 4,Image 1,Image 3,Image 2,Image 3,Image 4,Image 1,Image 4,Image 3,Image 1,Image 2,Image 4,Image 2,Image 3,Image 1,Image 2,Image 1,Image 4,Image 3,Image 4,Image 2,Image 3,Image 1,Image 4,Image 3,Image 2,Image 1,Image 4,Image 3,Image 2,Image 1,Image 4,Image 2,Image 3,Image 1,Image 3,Image 4,Image 2,Image 1,"I very much went off of color first, composition second. I noticed that the oversaturated pictures seems over-edited, and thereby taking away the realism of the photo - making me dislike it. Parallel to this, big color contrast seen in for instance in the sunset pictures looked a bit ‚Äúoverdone‚Äù and commercial almost. Like generic apple/windows wallpaper - and for this reason I was not drawn to these pictures either. 
The more subdued tones were more pleasant for the eye, and seemed more realistic (but I realize that I might possible be impacted by the current minimalistic design trends, and the love for the neutral palette that‚Äôs very ‚Äúup in the times‚Äù) 
As for the mountains and peaks in some of the pictures, I noticed to be more drawn to taller mountains - for more depth and a more interesting composition. "
09/06/2023 15:41:12,I consent,Image 2,Image 3,Image 1,Image 4,Image 4,Image 3,Image 2,Image 1,Image 1,Image 2,Image 4,Image 3,Image 2,Image 1,Image 4,Image 3,Image 3,Image 2,Image 4,Image 1,Image 2,Image 1,Image 3,Image 4,Image 2,Image 4,Image 1,Image 3,Image 1,Image 4,Image 3,Image 2,Image 1,Image 3,Image 2,Image 4,Image 3,Image 1,Image 4,Image 2,Image 2,Image 4,Image 1,Image 3,Image 2,Image 1,Image 3,Image 4,Image 3,Image 4,Image 2,Image 1,Image 1,Image 3,Image 4,Image 2,Image 3,Image 4,Image 1,Image 2,Image 3,Image 2,Image 1,Image 4,Colors and clearity of the motive (no clouds in front for example)
09/06/2023 15:41:29,I consent,Image 1,Image 2,Image 3,Image 4,Image 1,Image 3,Image 4,Image 2,Image 1,Image 2,Image 3,Image 4,Image 4,Image 3,Image 2,Image 1,Image 3,Image 4,Image 2,Image 1,Image 1,Image 2,Image 4,Image 3,Image 3,Image 2,Image 1,Image 4,Image 3,Image 1,Image 2,Image 4,Image 2,Image 1,Image 3,Image 4,Image 3,Image 1,Image 2,Image 4,Image 2,Image 3,Image 1,Image 4,Image 2,Image 3,Image 1,Image 4,Image 1,Image 3,Image 2,Image 4,Image 1,Image 4,Image 3,Image 2,Image 1,Image 3,Image 4,Image 2,Image 3,Image 1,Image 2,Image 4,
09/06/2023 15:49:02,I consent,Image 2,Image 4,Image 1,Image 3,Image 2,Image 4,Image 3,Image 1,Image 3,Image 2,Image 4,Image 1,Image 2,Image 1,Image 3,Image 4,Image 3,Image 4,Image 2,Image 1,Image 3,Image 2,Image 4,Image 1,Image 2,Image 4,Image 3,Image 1,Image 2,Image 4,Image 3,Image 1,Image 1,Image 2,Image 3,Image 4,Image 4,Image 1,Image 3,Image 2,Image 2,Image 4,Image 3,Image 1,Image 2,Image 3,Image 1,Image 4,Image 4,Image 3,Image 1,Image 2,Image 3,Image 2,Image 1,Image 4,Image 1,Image 3,Image 4,Image 2,Image 4,Image 1,Image 2,Image 3,
09/06/2023 15:53:06,I consent,Image 4,Image 2,Image 1,Image 3,Image 2,Image 4,Image 3,Image 1,Image 3,Image 4,Image 1,Image 2,Image 2,Image 1,Image 4,Image 3,Image 3,Image 2,Image 1,Image 4,Image 3,Image 2,Image 4,Image 1,Image 4,Image 3,Image 2,Image 1,Image 2,Image 4,Image 1,Image 3,Image 1,Image 2,Image 4,Image 3,Image 1,Image 3,Image 2,Image 4,Image 2,Image 4,Image 1,Image 3,Image 3,Image 2,Image 1,Image 4,Image 4,Image 3,Image 2,Image 1,Image 2,Image 4,Image 3,Image 1,Image 2,Image 3,Image 4,Image 1,Image 3,Image 1,Image 4,Image 2,
09/06/2023 15:58:31,I consent,Image 1,Image 3,Image 4,Image 2,Image 2,Image 3,Image 4,Image 1,Image 3,Image 1,Image 4,Image 2,Image 2,Image 1,Image 4,Image 3,Image 3,Image 2,Image 4,Image 1,Image 3,Image 2,Image 1,Image 4,Image 4,Image 2,Image 1,Image 3,Image 3,Image 2,Image 1,Image 4,Image 1,Image 3,Image 2,Image 4,Image 4,Image 2,Image 1,Image 3,Image 2,Image 1,Image 3,Image 4,Image 3,Image 2,Image 4,Image 1,Image 4,Image 2,Image 3,Image 1,Image 2,Image 3,Image 1,Image 4,Image 2,Image 3,Image 4,Image 1,Image 3,Image 2,Image 1,Image 4,
09/06/2023 15:59:06,I consent,Image 3,Image 2,Image 4,Image 1,Image 2,Image 4,Image 3,Image 1,Image 4,Image 1,Image 3,Image 2,Image 2,Image 3,Image 4,Image 1,Image 2,Image 3,Image 4,Image 1,Image 3,Image 4,Image 1,Image 2,Image 2,Image 4,Image 3,Image 1,Image 2,Image 3,Image 4,Image 1,Image 1,Image 3,Image 2,Image 4,Image 3,Image 1,Image 4,Image 2,Image 2,Image 4,Image 3,Image 1,Image 3,Image 4,Image 2,Image 1,Image 4,Image 3,Image 2,Image 1,Image 2,Image 1,Image 3,Image 4,Image 2,Image 3,Image 4,Image 1,Image 2,Image 1,Image 3,Image 4,
09/06/2023 16:01:59,I consent,Image 4,Image 2,Image 1,Image 3,Image 2,Image 3,Image 4,Image 1,Image 3,Image 4,Image 1,Image 2,Image 2,Image 1,Image 4,Image 3,Image 3,Image 2,Image 4,Image 1,Image 2,Image 3,Image 4,Image 1,Image 2,Image 4,Image 3,Image 1,Image 3,Image 2,Image 4,Image 1,Image 1,Image 3,Image 2,Image 4,Image 4,Image 1,Image 3,Image 2,Image 3,Image 1,Image 2,Image 4,Image 3,Image 1,Image 2,Image 4,Image 4,Image 3,Image 1,Image 2,Image 2,Image 1,Image 3,Image 4,Image 1,Image 2,Image 4,Image 3,Image 4,Image 2,Image 1,Image 3,
09/06/2023 16:02:28,I consent,Image 1,Image 2,Image 4,Image 3,Image 3,Image 2,Image 4,Image 1,Image 3,Image 4,Image 1,Image 2,Image 2,Image 1,Image 3,Image 4,Image 2,Image 3,Image 1,Image 4,Image 2,Image 1,Image 3,Image 4,Image 2,Image 4,Image 3,Image 1,Image 1,Image 2,Image 3,Image 4,Image 1,Image 2,Image 3,Image 4,Image 4,Image 1,Image 2,Image 3,Image 1,Image 2,Image 3,Image 4,Image 3,Image 2,Image 1,Image 4,Image 1,Image 2,Image 3,Image 4,Image 2,Image 1,Image 3,Image 4,Image 2,Image 1,Image 3,Image 4,Image 1,Image 2,Image 3,Image 4,
09/06/2023 16:38:02,I consent,Image 4,Image 1,Image 2,Image 3,Image 1,Image 4,Image 2,Image 3,Image 3,Image 4,Image 1,Image 2,Image 1,Image 2,Image 3,Image 4,Image 3,Image 4,Image 1,Image 2,Image 3,Image 4,Image 2,Image 1,Image 1,Image 3,Image 4,Image 2,Image 2,Image 3,Image 1,Image 4,Image 1,Image 3,Image 2,Image 4,Image 1,Image 4,Image 2,Image 3,Image 2,Image 1,Image 4,Image 3,Image 3,Image 1,Image 4,Image 2,Image 4,Image 3,Image 2,Image 1,Image 4,Image 3,Image 2,Image 1,Image 2,Image 3,Image 1,Image 4,Image 2,Image 4,Image 1,Image 3,
09/06/2023 16:41:56,I consent,Image 2,Image 4,Image 1,Image 3,Image 2,Image 4,Image 3,Image 1,Image 1,Image 3,Image 4,Image 2,Image 2,Image 1,Image 3,Image 4,Image 2,Image 3,Image 1,Image 4,Image 3,Image 4,Image 2,Image 1,Image 4,Image 2,Image 3,Image 1,Image 2,Image 3,Image 4,Image 1,Image 1,Image 2,Image 4,Image 3,Image 1,Image 4,Image 3,Image 2,Image 2,Image 1,Image 4,Image 3,Image 1,Image 2,Image 3,Image 4,Image 4,Image 1,Image 3,Image 2,Image 2,Image 3,Image 4,Image 1,Image 2,Image 3,Image 4,Image 1,Image 4,Image 3,Image 1,Image 2,
09/06/2023 17:03:08,I consent,Image 1,Image 4,Image 2,Image 3,Image 2,Image 4,Image 3,Image 1,Image 3,Image 4,Image 1,Image 2,Image 2,Image 1,Image 3,Image 4,Image 4,Image 3,Image 2,Image 1,Image 3,Image 1,Image 2,Image 4,Image 2,Image 4,Image 3,Image 1,Image 2,Image 4,Image 3,Image 1,Image 1,Image 4,Image 3,Image 2,Image 4,Image 2,Image 1,Image 3,Image 2,Image 3,Image 4,Image 1,Image 2,Image 3,Image 4,Image 1,Image 4,Image 3,Image 2,Image 1,Image 2,Image 3,Image 1,Image 4,Image 2,Image 1,Image 3,Image 4,Image 4,Image 3,Image 2,Image 1,I like the images with a shade of orange castede by the sunsets
09/06/2023 17:06:35,I consent,Image 4,Image 1,Image 3,Image 2,Image 4,Image 3,Image 2,Image 1,Image 1,Image 3,Image 4,Image 2,Image 4,Image 3,Image 2,Image 1,Image 3,Image 2,Image 4,Image 1,Image 3,Image 2,Image 4,Image 1,Image 4,Image 2,Image 3,Image 1,Image 4,Image 2,Image 1,Image 3,Image 1,Image 2,Image 3,Image 4,Image 2,Image 3,Image 1,Image 4,Image 2,Image 4,Image 1,Image 3,Image 2,Image 3,Image 4,Image 1,Image 4,Image 3,Image 1,Image 2,Image 2,Image 1,Image 3,Image 4,Image 3,Image 2,Image 1,Image 4,Image 3,Image 2,Image 1,Image 4,
09/06/2023 17:17:48,I consent,Image 2,Image 4,Image 3,Image 1,Image 3,Image 2,Image 4,Image 1,Image 3,Image 4,Image 1,Image 2,Image 1,Image 2,Image 3,Image 4,Image 4,Image 1,Image 3,Image 2,Image 1,Image 3,Image 2,Image 4,Image 3,Image 4,Image 2,Image 1,Image 1,Image 2,Image 4,Image 3,Image 3,Image 4,Image 1,Image 2,Image 2,Image 4,Image 1,Image 3,Image 2,Image 1,Image 3,Image 4,Image 1,Image 3,Image 4,Image 2,Image 3,Image 4,Image 1,Image 2,Image 3,Image 4,Image 2,Image 1,Image 2,Image 3,Image 4,Image 1,Image 4,Image 3,Image 2,Image 1,Not too fake
09/06/2023 17:28:47,I consent,Image 3,Image 2,Image 1,Image 4,Image 2,Image 3,Image 4,Image 1,Image 4,Image 1,Image 3,Image 2,Image 3,Image 2,Image 1,Image 4,Image 4,Image 3,Image 2,Image 1,Image 4,Image 1,Image 2,Image 3,Image 4,Image 2,Image 3,Image 1,Image 4,Image 3,Image 1,Image 2,Image 1,Image 3,Image 2,Image 4,Image 4,Image 3,Image 2,Image 1,Image 2,Image 1,Image 4,Image 3,Image 3,Image 1,Image 4,Image 2,Image 2,Image 1,Image 3,Image 4,Image 3,Image 1,Image 4,Image 2,Image 3,Image 4,Image 1,Image 2,Image 2,Image 3,Image 4,Image 1,
09/06/2023 17:30:57,I consent,Image 1,Image 4,Image 3,Image 2,Image 2,Image 4,Image 3,Image 1,Image 3,Image 1,Image 4,Image 2,Image 2,Image 1,Image 3,Image 4,Image 3,Image 2,Image 4,Image 1,Image 3,Image 2,Image 4,Image 1,Image 2,Image 1,Image 3,Image 4,Image 3,Image 2,Image 4,Image 1,Image 1,Image 2,Image 3,Image 4,Image 4,Image 1,Image 3,Image 2,Image 4,Image 2,Image 3,Image 1,Image 3,Image 1,Image 2,Image 4,Image 4,Image 1,Image 3,Image 2,Image 2,Image 1,Image 3,Image 4,Image 2,Image 1,Image 3,Image 4,Image 1,Image 2,Image 3,Image 4,
09/06/2023 17:36:53,I consent,Image 1,Image 4,Image 2,Image 3,Image 3,Image 4,Image 2,Image 1,Image 1,Image 4,Image 3,Image 2,Image 1,Image 2,Image 3,Image 4,Image 2,Image 3,Image 4,Image 1,Image 4,Image 2,Image 3,Image 1,Image 4,Image 2,Image 3,Image 1,Image 1,Image 4,Image 3,Image 2,Image 2,Image 1,Image 4,Image 3,Image 4,Image 1,Image 3,Image 2,Image 1,Image 3,Image 2,Image 4,Image 1,Image 3,Image 4,Image 2,Image 3,Image 1,Image 4,Image 2,Image 3,Image 2,Image 4,Image 1,Image 3,Image 2,Image 4,Image 1,Image 1,Image 3,Image 2,Image 4,the brightness/color contrast
09/06/2023 17:39:26,I consent,Image 1,Image 4,Image 2,Image 3,Image 2,Image 3,Image 4,Image 1,Image 1,Image 3,Image 4,Image 2,Image 2,Image 1,Image 3,Image 4,Image 3,Image 4,Image 2,Image 1,Image 2,Image 1,Image 3,Image 4,Image 2,Image 3,Image 1,Image 4,Image 4,Image 3,Image 2,Image 1,Image 3,Image 1,Image 4,Image 2,Image 1,Image 4,Image 2,Image 3,Image 4,Image 1,Image 2,Image 3,Image 3,Image 1,Image 2,Image 4,Image 3,Image 4,Image 2,Image 1,Image 4,Image 1,Image 3,Image 2,Image 3,Image 1,Image 4,Image 2,Image 4,Image 2,Image 1,Image 3,
09/06/2023 17:41:09,I consent,Image 1,Image 2,Image 3,Image 4,Image 2,Image 4,Image 1,Image 3,Image 3,Image 1,Image 4,Image 2,Image 3,Image 2,Image 1,Image 4,Image 3,Image 2,Image 4,Image 1,Image 1,Image 4,Image 3,Image 2,Image 2,Image 4,Image 3,Image 1,Image 1,Image 2,Image 3,Image 4,Image 1,Image 2,Image 4,Image 3,Image 4,Image 1,Image 3,Image 2,Image 2,Image 1,Image 3,Image 4,Image 2,Image 1,Image 3,Image 4,Image 4,Image 3,Image 1,Image 2,Image 2,Image 1,Image 4,Image 3,Image 2,Image 3,Image 4,Image 1,Image 3,Image 1,Image 2,Image 4,i find the question number 4 appealing 
09/06/2023 17:42:27,I consent,Image 2,Image 1,Image 4,Image 3,Image 1,Image 3,Image 4,Image 2,Image 3,Image 1,Image 2,Image 4,Image 2,Image 1,Image 3,Image 4,Image 2,Image 3,Image 4,Image 1,Image 2,Image 1,Image 4,Image 3,Image 3,Image 4,Image 2,Image 1,Image 3,Image 2,Image 4,Image 1,Image 1,Image 3,Image 2,Image 4,Image 2,Image 3,Image 1,Image 4,Image 2,Image 1,Image 3,Image 4,Image 3,Image 1,Image 4,Image 2,Image 4,Image 3,Image 1,Image 2,Image 1,Image 2,Image 3,Image 4,Image 2,Image 3,Image 4,Image 1,Image 4,Image 2,Image 1,Image 3,
09/06/2023 17:51:33,I consent,Image 2,Image 4,Image 1,Image 3,Image 2,Image 1,Image 4,Image 3,Image 3,Image 4,Image 1,Image 2,Image 2,Image 1,Image 3,Image 4,Image 3,Image 2,Image 4,Image 1,Image 3,Image 2,Image 4,Image 1,Image 2,Image 4,Image 3,Image 1,Image 3,Image 2,Image 4,Image 1,Image 1,Image 3,Image 2,Image 4,Image 4,Image 1,Image 3,Image 2,Image 2,Image 4,Image 3,Image 1,Image 3,Image 1,Image 2,Image 4,Image 4,Image 3,Image 1,Image 2,Image 2,Image 1,Image 3,Image 4,Image 2,Image 3,Image 4,Image 1,Image 4,Image 2,Image 3,Image 1,
09/06/2023 17:53:57,I consent,Image 4,Image 1,Image 2,Image 3,Image 2,Image 4,Image 1,Image 3,Image 3,Image 1,Image 4,Image 2,Image 2,Image 3,Image 1,Image 4,Image 3,Image 4,Image 2,Image 1,Image 2,Image 3,Image 1,Image 4,Image 4,Image 2,Image 1,Image 3,Image 4,Image 3,Image 2,Image 1,Image 1,Image 4,Image 3,Image 2,Image 4,Image 3,Image 2,Image 1,Image 2,Image 4,Image 3,Image 1,Image 3,Image 4,Image 2,Image 1,Image 4,Image 3,Image 2,Image 1,Image 2,Image 1,Image 3,Image 4,Image 2,Image 3,Image 1,Image 4,Image 2,Image 3,Image 4,Image 1,
09/06/2023 18:00:57,I don't consent,,,,,,,,,,,,,,,,,,,,,,,,,,,,,,,,,,,,,,,,,,,,,,,,,,,,,,,,,,,,,,,,,
09/06/2023 18:02:02,I consent,Image 2,Image 3,Image 4,Image 1,Image 2,Image 4,Image 1,Image 3,Image 2,Image 3,Image 4,Image 1,Image 1,Image 2,Image 3,Image 4,Image 3,Image 2,Image 4,Image 1,Image 3,Image 4,Image 2,Image 1,Image 3,Image 2,Image 4,Image 1,Image 2,Image 4,Image 1,Image 3,Image 1,Image 2,Image 3,Image 4,Image 1,Image 4,Image 2,Image 3,Image 2,Image 4,Image 3,Image 1,Image 2,Image 3,Image 4,Image 1,Image 4,Image 1,Image 2,Image 3,Image 2,Image 3,Image 4,Image 1,Image 1,Image 2,Image 3,Image 4,Image 4,Image 3,Image 2,Image 1,
09/06/2023 18:03:51,I consent,Image 1,Image 2,Image 4,Image 3,Image 3,Image 4,Image 2,Image 1,Image 3,Image 4,Image 1,Image 2,Image 2,Image 1,Image 3,Image 4,Image 4,Image 3,Image 2,Image 1,Image 3,Image 2,Image 4,Image 1,Image 2,Image 4,Image 3,Image 1,Image 3,Image 2,Image 1,Image 4,Image 1,Image 2,Image 3,Image 4,Image 1,Image 3,Image 2,Image 4,Image 1,Image 3,Image 2,Image 4,Image 3,Image 1,Image 2,Image 4,Image 4,Image 2,Image 1,Image 3,Image 2,Image 1,Image 3,Image 4,Image 2,Image 3,Image 4,Image 1,Image 4,Image 2,Image 3,Image 1,
09/06/2023 18:06:30,I consent,Image 1,Image 2,Image 3,Image 4,Image 2,Image 4,Image 3,Image 1,Image 3,Image 4,Image 1,Image 2,Image 2,Image 1,Image 4,Image 3,Image 2,Image 3,Image 4,Image 1,Image 3,Image 2,Image 4,Image 1,Image 2,Image 4,Image 3,Image 1,Image 2,Image 1,Image 3,Image 4,Image 1,Image 3,Image 2,Image 4,Image 4,Image 1,Image 3,Image 2,Image 2,Image 4,Image 3,Image 1,Image 3,Image 1,Image 2,Image 4,Image 4,Image 2,Image 3,Image 1,Image 2,Image 1,Image 3,Image 4,Image 2,Image 3,Image 4,Image 1,Image 1,Image 2,Image 3,Image 4,
09/06/2023 18:09:13,I consent,Image 2,Image 1,Image 3,Image 4,Image 3,Image 1,Image 4,Image 2,Image 1,Image 3,Image 4,Image 2,Image 1,Image 2,Image 4,Image 3,Image 2,Image 4,Image 1,Image 3,Image 3,Image 1,Image 2,Image 4,Image 4,Image 3,Image 2,Image 1,Image 4,Image 1,Image 2,Image 3,Image 1,Image 4,Image 3,Image 2,Image 2,Image 1,Image 3,Image 4,Image 2,Image 4,Image 3,Image 1,Image 1,Image 4,Image 2,Image 3,Image 4,Image 3,Image 1,Image 2,Image 3,Image 4,Image 1,Image 2,Image 3,Image 1,Image 4,Image 2,Image 4,Image 3,Image 2,Image 1,"I notice any pretty/sunset colores, that dont seem too edited "
09/06/2023 18:10:26,I consent,Image 1,Image 3,Image 4,Image 2,Image 2,Image 4,Image 3,Image 1,Image 3,Image 4,Image 2,Image 1,Image 2,Image 4,Image 1,Image 3,Image 4,Image 3,Image 2,Image 1,Image 2,Image 3,Image 4,Image 1,Image 2,Image 4,Image 3,Image 1,Image 3,Image 2,Image 4,Image 1,Image 1,Image 3,Image 4,Image 2,Image 4,Image 1,Image 3,Image 2,Image 4,Image 3,Image 2,Image 1,Image 3,Image 2,Image 1,Image 4,Image 4,Image 2,Image 3,Image 1,Image 2,Image 1,Image 3,Image 4,Image 2,Image 3,Image 4,Image 1,Image 4,Image 1,Image 3,Image 2,"Difference, Grandness"
09/06/2023 18:10:40,I consent,Image 1,Image 4,Image 2,Image 3,Image 3,Image 4,Image 2,Image 1,Image 3,Image 4,Image 1,Image 2,Image 4,Image 2,Image 3,Image 1,Image 1,Image 4,Image 2,Image 3,Image 2,Image 4,Image 3,Image 1,Image 3,Image 4,Image 2,Image 1,Image 3,Image 2,Image 4,Image 1,Image 2,Image 1,Image 4,Image 3,Image 2,Image 1,Image 3,Image 4,Image 3,Image 1,Image 2,Image 4,Image 3,Image 1,Image 2,Image 4,Image 1,Image 3,Image 2,Image 4,Image 2,Image 3,Image 1,Image 4,Image 2,Image 4,Image 3,Image 1,Image 4,Image 2,Image 3,Image 1,
09/06/2023 18:15:46,I consent,Image 4,Image 2,Image 1,Image 3,Image 2,Image 3,Image 4,Image 1,Image 3,Image 4,Image 1,Image 2,Image 2,Image 1,Image 4,Image 3,Image 2,Image 4,Image 1,Image 3,Image 2,Image 3,Image 4,Image 1,Image 2,Image 4,Image 3,Image 1,Image 2,Image 1,Image 3,Image 4,Image 1,Image 3,Image 2,Image 4,Image 4,Image 2,Image 3,Image 1,Image 2,Image 3,Image 4,Image 1,Image 1,Image 3,Image 4,Image 2,Image 1,Image 4,Image 2,Image 3,Image 3,Image 2,Image 4,Image 1,Image 2,Image 4,Image 1,Image 3,Image 2,Image 1,Image 3,Image 4,No.
09/06/2023 18:16:45,I consent,Image 3,Image 1,Image 2,Image 4,Image 2,Image 3,Image 4,Image 1,Image 1,Image 3,Image 4,Image 2,Image 2,Image 1,Image 3,Image 4,Image 4,Image 3,Image 1,Image 2,Image 2,Image 1,Image 4,Image 3,Image 2,Image 4,Image 3,Image 1,Image 2,Image 3,Image 4,Image 1,Image 2,Image 1,Image 4,Image 3,Image 4,Image 1,Image 3,Image 2,Image 2,Image 4,Image 1,Image 3,Image 3,Image 2,Image 1,Image 4,Image 4,Image 3,Image 1,Image 2,Image 1,Image 2,Image 3,Image 4,Image 2,Image 3,Image 1,Image 4,Image 2,Image 3,Image 4,Image 1,
09/06/2023 18:19:21,I consent,Image 2,Image 4,Image 3,Image 1,Image 4,Image 3,Image 2,Image 1,Image 1,Image 3,Image 4,Image 2,Image 4,Image 1,Image 3,Image 2,Image 3,Image 4,Image 1,Image 2,Image 3,Image 4,Image 1,Image 2,Image 1,Image 3,Image 4,Image 2,Image 3,Image 2,Image 4,Image 1,Image 1,Image 2,Image 4,Image 3,Image 4,Image 1,Image 3,Image 2,Image 2,Image 4,Image 1,Image 3,Image 1,Image 3,Image 2,Image 4,Image 4,Image 1,Image 3,Image 2,Image 3,Image 1,Image 2,Image 4,Image 3,Image 4,Image 1,Image 2,Image 1,Image 3,Image 2,Image 4,
09/06/2023 18:26:37,I consent,Image 1,Image 3,Image 4,Image 2,Image 2,Image 1,Image 4,Image 3,Image 3,Image 1,Image 4,Image 2,Image 2,Image 1,Image 3,Image 4,Image 3,Image 2,Image 1,Image 4,Image 2,Image 1,Image 4,Image 3,Image 4,Image 2,Image 1,Image 3,Image 2,Image 3,Image 1,Image 4,Image 1,Image 2,Image 3,Image 4,Image 4,Image 1,Image 2,Image 3,Image 4,Image 3,Image 2,Image 1,Image 3,Image 2,Image 1,Image 4,Image 4,Image 1,Image 3,Image 2,Image 2,Image 1,Image 3,Image 4,Image 1,Image 4,Image 3,Image 2,Image 4,Image 1,Image 3,Image 2,Popping colours. Detail. Visual clarity (lack of blur)
09/06/2023 18:27:41,I consent,Image 1,Image 3,Image 4,Image 2,Image 3,Image 4,Image 2,Image 1,Image 3,Image 1,Image 4,Image 2,Image 4,Image 1,Image 3,Image 2,Image 2,Image 1,Image 4,Image 3,Image 2,Image 3,Image 4,Image 1,Image 3,Image 4,Image 1,Image 2,Image 3,Image 2,Image 1,Image 4,Image 2,Image 4,Image 3,Image 1,Image 2,Image 3,Image 1,Image 4,Image 4,Image 3,Image 1,Image 2,Image 4,Image 2,Image 3,Image 1,Image 1,Image 3,Image 4,Image 2,Image 2,Image 1,Image 3,Image 4,Image 4,Image 3,Image 2,Image 1,Image 4,Image 3,Image 2,Image 1,
09/06/2023 18:43:56,I consent,Image 1,Image 3,Image 2,Image 4,Image 3,Image 4,Image 2,Image 1,Image 3,Image 4,Image 1,Image 2,Image 2,Image 1,Image 4,Image 3,Image 3,Image 1,Image 2,Image 4,Image 1,Image 2,Image 4,Image 3,Image 1,Image 4,Image 3,Image 2,Image 3,Image 2,Image 4,Image 1,Image 1,Image 4,Image 2,Image 3,Image 3,Image 1,Image 2,Image 4,Image 2,Image 1,Image 3,Image 4,Image 2,Image 1,Image 3,Image 4,Image 1,Image 3,Image 4,Image 2,Image 1,Image 4,Image 2,Image 3,Image 3,Image 4,Image 2,Image 1,Image 4,Image 1,Image 2,Image 3,
09/06/2023 18:45:21,I consent,Image 2,Image 4,Image 1,Image 3,Image 2,Image 4,Image 3,Image 1,Image 3,Image 1,Image 4,Image 2,Image 1,Image 2,Image 3,Image 4,Image 2,Image 3,Image 4,Image 1,Image 1,Image 3,Image 2,Image 4,Image 4,Image 2,Image 3,Image 1,Image 2,Image 4,Image 1,Image 3,Image 2,Image 1,Image 3,Image 4,Image 1,Image 2,Image 3,Image 4,Image 2,Image 4,Image 3,Image 1,Image 3,Image 2,Image 1,Image 4,Image 4,Image 1,Image 3,Image 2,Image 1,Image 2,Image 3,Image 4,Image 2,Image 3,Image 1,Image 4,Image 4,Image 3,Image 2,Image 1,"Light, not blurry images"
09/06/2023 18:56:29,I consent,Image 1,Image 4,Image 2,Image 3,Image 2,Image 4,Image 3,Image 1,Image 1,Image 4,Image 3,Image 2,Image 2,Image 3,Image 1,Image 4,Image 2,Image 1,Image 3,Image 4,Image 3,Image 4,Image 1,Image 2,Image 3,Image 4,Image 2,Image 1,Image 2,Image 4,Image 3,Image 1,Image 1,Image 3,Image 2,Image 4,Image 1,Image 4,Image 3,Image 2,Image 2,Image 3,Image 1,Image 4,Image 3,Image 2,Image 1,Image 4,Image 4,Image 3,Image 1,Image 2,Image 2,Image 3,Image 1,Image 4,Image 4,Image 3,Image 2,Image 1,Image 3,Image 1,Image 2,Image 4,
09/06/2023 19:27:18,I consent,Image 4,Image 1,Image 2,Image 3,Image 3,Image 2,Image 4,Image 1,Image 3,Image 4,Image 1,Image 2,Image 2,Image 1,Image 3,Image 4,Image 4,Image 2,Image 3,Image 1,Image 2,Image 3,Image 4,Image 1,Image 2,Image 4,Image 3,Image 1,Image 2,Image 3,Image 4,Image 1,Image 1,Image 2,Image 3,Image 4,Image 4,Image 1,Image 3,Image 2,Image 2,Image 4,Image 3,Image 1,Image 3,Image 1,Image 2,Image 4,Image 4,Image 3,Image 1,Image 2,Image 2,Image 1,Image 3,Image 4,Image 3,Image 4,Image 1,Image 2,Image 4,Image 2,Image 3,Image 1,Sunset 
09/06/2023 20:11:03,I consent,Image 2,Image 1,Image 4,Image 3,Image 4,Image 2,Image 3,Image 1,Image 3,Image 2,Image 1,Image 4,Image 2,Image 1,Image 3,Image 4,Image 3,Image 4,Image 2,Image 1,Image 4,Image 2,Image 3,Image 1,Image 2,Image 4,Image 3,Image 1,Image 2,Image 1,Image 4,Image 3,Image 1,Image 4,Image 3,Image 2,Image 3,Image 1,Image 2,Image 4,Image 2,Image 3,Image 1,Image 4,Image 3,Image 1,Image 2,Image 4,Image 4,Image 1,Image 3,Image 2,Image 2,Image 1,Image 3,Image 4,Image 2,Image 1,Image 3,Image 4,Image 3,Image 2,Image 1,Image 4,
09/06/2023 20:58:28,I consent,Image 1,Image 2,Image 4,Image 3,Image 1,Image 4,Image 3,Image 2,Image 3,Image 4,Image 1,Image 2,Image 2,Image 1,Image 3,Image 4,Image 3,Image 2,Image 4,Image 1,Image 3,Image 4,Image 2,Image 1,Image 2,Image 1,Image 4,Image 3,Image 2,Image 3,Image 4,Image 1,Image 2,Image 1,Image 3,Image 4,Image 4,Image 1,Image 3,Image 2,Image 2,Image 1,Image 4,Image 3,Image 3,Image 4,Image 2,Image 1,Image 4,Image 1,Image 2,Image 3,Image 2,Image 3,Image 1,Image 4,Image 2,Image 3,Image 4,Image 1,Image 2,Image 4,Image 3,Image 1,
09/06/2023 21:00:12,I consent,Image 2,Image 1,Image 4,Image 3,Image 2,Image 1,Image 4,Image 3,Image 1,Image 4,Image 2,Image 3,Image 3,Image 2,Image 1,Image 4,Image 3,Image 4,Image 2,Image 1,Image 3,Image 4,Image 2,Image 1,Image 2,Image 4,Image 3,Image 1,Image 4,Image 3,Image 2,Image 1,Image 1,Image 2,Image 3,Image 4,Image 3,Image 1,Image 2,Image 4,Image 2,Image 1,Image 3,Image 4,Image 3,Image 2,Image 1,Image 4,Image 4,Image 3,Image 2,Image 1,Image 1,Image 2,Image 3,Image 4,Image 2,Image 3,Image 4,Image 1,Image 3,Image 2,Image 1,Image 4,good colours 
09/06/2023 21:05:45,I consent,Image 1,Image 4,Image 3,Image 2,Image 2,Image 4,Image 3,Image 1,Image 3,Image 4,Image 1,Image 2,Image 2,Image 3,Image 4,Image 1,Image 1,Image 2,Image 3,Image 4,Image 3,Image 1,Image 4,Image 2,Image 4,Image 3,Image 1,Image 2,Image 3,Image 4,Image 2,Image 1,Image 2,Image 1,Image 3,Image 4,Image 1,Image 3,Image 4,Image 2,Image 3,Image 1,Image 4,Image 2,Image 4,Image 1,Image 3,Image 2,Image 1,Image 4,Image 3,Image 2,Image 4,Image 3,Image 1,Image 2,Image 2,Image 3,Image 4,Image 1,Image 4,Image 2,Image 1,Image 3,
09/06/2023 21:46:03,I consent,Image 1,Image 4,Image 2,Image 3,Image 2,Image 4,Image 3,Image 1,Image 3,Image 4,Image 1,Image 2,Image 1,Image 3,Image 2,Image 4,Image 2,Image 3,Image 4,Image 1,Image 1,Image 4,Image 2,Image 3,Image 2,Image 3,Image 4,Image 1,Image 1,Image 4,Image 2,Image 3,Image 1,Image 4,Image 3,Image 2,Image 1,Image 4,Image 3,Image 2,Image 4,Image 3,Image 2,Image 1,Image 4,Image 1,Image 3,Image 2,Image 3,Image 1,Image 2,Image 4,Image 1,Image 3,Image 2,Image 4,Image 2,Image 3,Image 4,Image 1,Image 4,Image 1,Image 2,Image 3,N√•r det er skarp og ser mest naturligt ud.
09/06/2023 21:47:04,I consent,Image 1,Image 3,Image 2,Image 4,Image 3,Image 2,Image 4,Image 1,Image 1,Image 3,Image 4,Image 2,Image 2,Image 1,Image 3,Image 4,Image 1,Image 3,Image 2,Image 4,Image 2,Image 3,Image 4,Image 1,Image 2,Image 3,Image 4,Image 1,Image 4,Image 3,Image 2,Image 1,Image 1,Image 3,Image 4,Image 2,Image 2,Image 3,Image 1,Image 4,Image 2,Image 3,Image 1,Image 4,Image 3,Image 4,Image 2,Image 1,Image 4,Image 3,Image 1,Image 2,Image 2,Image 1,Image 3,Image 4,Image 2,Image 4,Image 3,Image 1,Image 4,Image 1,Image 3,Image 2,"Orange colors, but also when reflections in water appears "
09/06/2023 23:17:30,I consent,Image 1,Image 2,Image 4,Image 3,Image 4,Image 3,Image 2,Image 1,Image 3,Image 1,Image 2,Image 4,Image 4,Image 3,Image 1,Image 2,Image 2,Image 1,Image 3,Image 4,Image 2,Image 1,Image 3,Image 4,Image 3,Image 1,Image 4,Image 2,Image 3,Image 2,Image 1,Image 4,Image 3,Image 2,Image 4,Image 1,Image 3,Image 2,Image 1,Image 4,Image 2,Image 1,Image 3,Image 4,Image 4,Image 3,Image 1,Image 2,Image 3,Image 2,Image 1,Image 4,Image 4,Image 1,Image 2,Image 3,Image 2,Image 3,Image 4,Image 1,Image 4,Image 1,Image 2,Image 3,
09/06/2023 23:38:48,I consent,Image 1,Image 4,Image 2,Image 3,Image 4,Image 2,Image 3,Image 1,Image 3,Image 4,Image 2,Image 1,Image 2,Image 1,Image 4,Image 3,Image 3,Image 4,Image 2,Image 1,Image 3,Image 2,Image 4,Image 1,Image 2,Image 1,Image 4,Image 3,Image 3,Image 2,Image 4,Image 1,Image 1,Image 3,Image 2,Image 4,Image 4,Image 1,Image 3,Image 2,Image 4,Image 2,Image 3,Image 1,Image 3,Image 1,Image 2,Image 4,Image 4,Image 2,Image 3,Image 1,Image 2,Image 1,Image 3,Image 4,Image 2,Image 3,Image 4,Image 1,Image 4,Image 2,Image 3,Image 1,"The Sunsets are undeniably appealing and hold a special place in my heart. There is a captivating beauty in watching the sun slowly descend below the horizon, painting the sky with an array of warm and vibrant colors. Overall, the appeal of sunsets lies in their ability to awaken my/our senses, inspire contemplation, and remind me of the beauty and transience of life."
09/06/2023 23:41:52,I consent,Image 1,Image 4,Image 2,Image 3,Image 2,Image 3,Image 4,Image 1,Image 3,Image 4,Image 1,Image 2,Image 2,Image 1,Image 3,Image 4,Image 3,Image 2,Image 4,Image 1,Image 3,Image 2,Image 4,Image 1,Image 2,Image 1,Image 4,Image 3,Image 3,Image 2,Image 4,Image 1,Image 1,Image 2,Image 4,Image 3,Image 1,Image 4,Image 2,Image 3,Image 2,Image 3,Image 4,Image 1,Image 3,Image 4,Image 1,Image 2,Image 4,Image 3,Image 1,Image 2,Image 2,Image 3,Image 1,Image 4,Image 2,Image 3,Image 4,Image 1,Image 2,Image 3,Image 1,Image 4,The colors and the ones with most sunset
09/06/2023 23:58:12,I consent,Image 1,Image 4,Image 2,Image 3,Image 2,Image 4,Image 3,Image 1,Image 3,Image 1,Image 4,Image 2,Image 2,Image 1,Image 4,Image 3,Image 3,Image 4,Image 2,Image 1,Image 4,Image 2,Image 1,Image 3,Image 2,Image 4,Image 3,Image 1,Image 3,Image 2,Image 4,Image 1,Image 1,Image 3,Image 2,Image 4,Image 1,Image 3,Image 2,Image 4,Image 4,Image 2,Image 3,Image 1,Image 3,Image 1,Image 2,Image 4,Image 4,Image 2,Image 1,Image 3,Image 2,Image 1,Image 3,Image 4,Image 3,Image 2,Image 1,Image 4,Image 2,Image 4,Image 3,Image 1,
10/06/2023 00:16:55,I consent,Image 2,Image 1,Image 3,Image 4,Image 2,Image 4,Image 1,Image 3,Image 4,Image 3,Image 1,Image 2,Image 2,Image 1,Image 3,Image 4,Image 2,Image 1,Image 3,Image 4,Image 3,Image 2,Image 1,Image 4,Image 2,Image 4,Image 3,Image 1,Image 2,Image 3,Image 1,Image 4,Image 1,Image 3,Image 2,Image 4,Image 1,Image 3,Image 4,Image 2,Image 2,Image 4,Image 3,Image 1,Image 3,Image 1,Image 4,Image 2,Image 4,Image 3,Image 2,Image 1,Image 3,Image 2,Image 1,Image 4,Image 2,Image 3,Image 4,Image 1,Image 4,Image 3,Image 2,Image 1,The sun and colours
10/06/2023 00:46:24,I consent,Image 1,Image 3,Image 2,Image 4,Image 3,Image 4,Image 1,Image 2,Image 3,Image 4,Image 1,Image 2,Image 2,Image 1,Image 3,Image 4,Image 3,Image 2,Image 4,Image 1,Image 3,Image 4,Image 1,Image 2,Image 3,Image 2,Image 4,Image 1,Image 4,Image 2,Image 3,Image 1,Image 1,Image 3,Image 2,Image 4,Image 3,Image 1,Image 2,Image 4,Image 2,Image 4,Image 3,Image 1,Image 3,Image 2,Image 4,Image 1,Image 4,Image 1,Image 3,Image 2,Image 2,Image 1,Image 3,Image 4,Image 2,Image 3,Image 4,Image 1,Image 4,Image 3,Image 2,Image 1,
10/06/2023 01:37:57,I consent,Image 3,Image 4,Image 2,Image 1,Image 2,Image 3,Image 4,Image 1,Image 3,Image 1,Image 4,Image 2,Image 2,Image 1,Image 4,Image 3,Image 3,Image 4,Image 2,Image 1,Image 3,Image 2,Image 4,Image 1,Image 2,Image 4,Image 1,Image 3,Image 2,Image 4,Image 3,Image 1,Image 1,Image 2,Image 4,Image 3,Image 4,Image 1,Image 3,Image 2,Image 2,Image 4,Image 3,Image 1,Image 3,Image 1,Image 2,Image 4,Image 4,Image 3,Image 2,Image 1,Image 2,Image 3,Image 4,Image 1,Image 2,Image 3,Image 4,Image 1,Image 1,Image 2,Image 3,Image 4,
10/06/2023 01:43:35,I consent,Image 1,Image 2,Image 4,Image 3,Image 4,Image 2,Image 3,Image 1,Image 3,Image 4,Image 1,Image 2,Image 2,Image 1,Image 4,Image 3,Image 3,Image 4,Image 2,Image 1,Image 3,Image 4,Image 2,Image 1,Image 2,Image 4,Image 3,Image 1,Image 2,Image 3,Image 4,Image 1,Image 1,Image 3,Image 2,Image 4,Image 4,Image 1,Image 3,Image 2,Image 2,Image 4,Image 1,Image 3,Image 3,Image 1,Image 2,Image 4,Image 4,Image 2,Image 1,Image 3,Image 2,Image 1,Image 3,Image 4,Image 2,Image 3,Image 1,Image 4,Image 4,Image 3,Image 2,Image 1,Saturation 
10/06/2023 02:38:12,I consent,Image 1,Image 2,Image 4,Image 3,Image 3,Image 4,Image 1,Image 2,Image 2,Image 4,Image 1,Image 3,Image 2,Image 1,Image 4,Image 3,Image 2,Image 1,Image 4,Image 3,Image 3,Image 4,Image 2,Image 1,Image 1,Image 3,Image 4,Image 2,Image 2,Image 3,Image 1,Image 4,Image 1,Image 2,Image 3,Image 4,Image 1,Image 4,Image 3,Image 2,Image 2,Image 3,Image 1,Image 4,Image 3,Image 1,Image 2,Image 4,Image 1,Image 4,Image 3,Image 2,Image 1,Image 3,Image 2,Image 4,Image 2,Image 3,Image 1,Image 4,Image 1,Image 2,Image 3,Image 4,
10/06/2023 03:39:42,I consent,Image 1,Image 4,Image 3,Image 2,Image 2,Image 1,Image 3,Image 4,Image 4,Image 1,Image 2,Image 3,Image 4,Image 2,Image 1,Image 3,Image 3,Image 2,Image 4,Image 1,Image 2,Image 1,Image 3,Image 4,Image 2,Image 4,Image 3,Image 1,Image 3,Image 2,Image 4,Image 1,Image 1,Image 3,Image 2,Image 4,Image 4,Image 1,Image 3,Image 2,Image 4,Image 3,Image 2,Image 1,Image 3,Image 1,Image 2,Image 4,Image 4,Image 2,Image 3,Image 1,Image 2,Image 1,Image 3,Image 4,Image 2,Image 1,Image 3,Image 4,Image 2,Image 3,Image 1,Image 4,
10/06/2023 03:49:22,I consent,Image 4,Image 1,Image 2,Image 3,Image 2,Image 3,Image 4,Image 1,Image 3,Image 4,Image 1,Image 2,Image 2,Image 1,Image 3,Image 4,Image 4,Image 3,Image 2,Image 1,Image 4,Image 2,Image 1,Image 3,Image 2,Image 3,Image 4,Image 1,Image 3,Image 4,Image 1,Image 2,Image 1,Image 2,Image 3,Image 4,Image 4,Image 1,Image 3,Image 2,Image 3,Image 2,Image 4,Image 1,Image 2,Image 1,Image 4,Image 3,Image 3,Image 4,Image 1,Image 2,Image 3,Image 4,Image 1,Image 2,Image 4,Image 3,Image 1,Image 2,Image 4,Image 3,Image 2,Image 1,None
10/06/2023 05:06:31,I consent,Image 1,Image 4,Image 3,Image 2,Image 2,Image 3,Image 4,Image 1,Image 4,Image 3,Image 1,Image 2,Image 2,Image 1,Image 4,Image 3,Image 2,Image 4,Image 3,Image 1,Image 3,Image 2,Image 4,Image 1,Image 3,Image 4,Image 2,Image 1,Image 2,Image 4,Image 3,Image 1,Image 1,Image 3,Image 2,Image 4,Image 1,Image 4,Image 3,Image 2,Image 2,Image 4,Image 3,Image 1,Image 3,Image 2,Image 1,Image 4,Image 2,Image 3,Image 4,Image 1,Image 1,Image 3,Image 4,Image 2,Image 2,Image 3,Image 1,Image 4,Image 1,Image 4,Image 3,Image 2,
10/06/2023 06:28:49,I consent,Image 4,Image 1,Image 2,Image 3,Image 4,Image 3,Image 1,Image 2,Image 3,Image 4,Image 1,Image 2,Image 2,Image 1,Image 3,Image 4,Image 2,Image 3,Image 4,Image 1,Image 3,Image 4,Image 2,Image 1,Image 2,Image 4,Image 3,Image 1,Image 3,Image 2,Image 4,Image 1,Image 1,Image 3,Image 2,Image 4,Image 4,Image 3,Image 1,Image 2,Image 2,Image 1,Image 3,Image 4,Image 3,Image 2,Image 1,Image 4,Image 4,Image 3,Image 1,Image 2,Image 2,Image 1,Image 3,Image 4,Image 1,Image 2,Image 3,Image 4,Image 2,Image 3,Image 1,Image 4,None
10/06/2023 07:25:38,I consent,Image 1,Image 2,Image 4,Image 3,Image 2,Image 3,Image 4,Image 1,Image 3,Image 4,Image 1,Image 2,Image 2,Image 1,Image 3,Image 4,Image 2,Image 3,Image 4,Image 1,Image 2,Image 3,Image 1,Image 4,Image 2,Image 4,Image 3,Image 1,Image 2,Image 3,Image 4,Image 1,Image 1,Image 2,Image 3,Image 4,Image 4,Image 1,Image 2,Image 3,Image 2,Image 1,Image 4,Image 3,Image 3,Image 1,Image 2,Image 4,Image 4,Image 1,Image 3,Image 2,Image 2,Image 3,Image 1,Image 4,Image 2,Image 4,Image 3,Image 1,Image 4,Image 2,Image 1,Image 3,
10/06/2023 07:34:58,I consent,Image 1,Image 4,Image 2,Image 3,Image 1,Image 3,Image 4,Image 2,Image 3,Image 2,Image 4,Image 1,Image 2,Image 1,Image 3,Image 4,Image 3,Image 2,Image 4,Image 1,Image 2,Image 1,Image 4,Image 3,Image 2,Image 1,Image 4,Image 3,Image 3,Image 1,Image 2,Image 4,Image 1,Image 3,Image 2,Image 4,Image 4,Image 1,Image 2,Image 3,Image 1,Image 3,Image 2,Image 4,Image 3,Image 1,Image 4,Image 2,Image 4,Image 3,Image 1,Image 2,Image 1,Image 2,Image 3,Image 4,Image 2,Image 1,Image 3,Image 4,Image 4,Image 3,Image 2,Image 1,
10/06/2023 08:52:55,I consent,Image 1,Image 3,Image 4,Image 2,Image 2,Image 4,Image 3,Image 1,Image 3,Image 1,Image 4,Image 2,Image 2,Image 1,Image 3,Image 4,Image 3,Image 4,Image 2,Image 1,Image 3,Image 4,Image 1,Image 2,Image 2,Image 4,Image 3,Image 1,Image 2,Image 3,Image 4,Image 1,Image 1,Image 3,Image 2,Image 4,Image 4,Image 1,Image 3,Image 2,Image 4,Image 2,Image 3,Image 1,Image 3,Image 4,Image 1,Image 2,Image 4,Image 1,Image 3,Image 2,Image 2,Image 1,Image 3,Image 4,Image 2,Image 3,Image 4,Image 1,Image 4,Image 1,Image 2,Image 3,
10/06/2023 09:01:37,I consent,Image 1,Image 2,Image 4,Image 3,Image 2,Image 4,Image 3,Image 1,Image 3,Image 1,Image 4,Image 2,Image 1,Image 2,Image 3,Image 4,Image 2,Image 3,Image 4,Image 1,Image 2,Image 3,Image 1,Image 4,Image 2,Image 4,Image 3,Image 1,Image 2,Image 4,Image 3,Image 1,Image 1,Image 2,Image 3,Image 4,Image 1,Image 3,Image 4,Image 2,Image 1,Image 2,Image 4,Image 3,Image 2,Image 3,Image 4,Image 1,Image 4,Image 3,Image 1,Image 2,Image 2,Image 3,Image 4,Image 1,Image 2,Image 3,Image 4,Image 1,Image 4,Image 1,Image 2,Image 3,N/A
10/06/2023 09:08:50,I consent,Image 2,Image 1,Image 3,Image 4,Image 2,Image 4,Image 3,Image 1,Image 3,Image 1,Image 4,Image 2,Image 1,Image 2,Image 3,Image 4,Image 3,Image 2,Image 4,Image 1,Image 3,Image 1,Image 4,Image 2,Image 2,Image 4,Image 3,Image 1,Image 3,Image 2,Image 4,Image 1,Image 1,Image 3,Image 4,Image 2,Image 4,Image 1,Image 3,Image 2,Image 2,Image 4,Image 1,Image 3,Image 3,Image 2,Image 1,Image 4,Image 4,Image 1,Image 3,Image 2,Image 2,Image 3,Image 1,Image 4,Image 2,Image 3,Image 4,Image 1,Image 1,Image 4,Image 3,Image 2,"I think the pictures, that have most objects in it are the most appealing. Also, the pictures with most color. "
10/06/2023 09:25:38,I consent,Image 1,Image 2,Image 4,Image 3,Image 3,Image 1,Image 4,Image 2,Image 1,Image 4,Image 3,Image 2,Image 2,Image 1,Image 3,Image 4,Image 2,Image 1,Image 3,Image 4,Image 3,Image 4,Image 1,Image 2,Image 1,Image 3,Image 4,Image 2,Image 4,Image 2,Image 1,Image 3,Image 1,Image 4,Image 2,Image 3,Image 3,Image 1,Image 2,Image 4,Image 2,Image 3,Image 1,Image 4,Image 3,Image 1,Image 2,Image 4,Image 4,Image 1,Image 3,Image 2,Image 1,Image 3,Image 2,Image 4,Image 3,Image 4,Image 1,Image 2,Image 1,Image 3,Image 2,Image 4,Clearness 
10/06/2023 09:32:58,I consent,Image 2,Image 1,Image 3,Image 4,Image 3,Image 4,Image 1,Image 2,Image 1,Image 3,Image 4,Image 2,Image 2,Image 1,Image 3,Image 4,Image 3,Image 2,Image 4,Image 1,Image 2,Image 3,Image 1,Image 4,Image 3,Image 1,Image 4,Image 2,Image 2,Image 4,Image 1,Image 3,Image 2,Image 1,Image 3,Image 4,Image 1,Image 3,Image 2,Image 4,Image 2,Image 1,Image 3,Image 4,Image 2,Image 1,Image 4,Image 3,Image 3,Image 1,Image 2,Image 4,Image 3,Image 4,Image 1,Image 2,Image 2,Image 3,Image 1,Image 4,Image 3,Image 4,Image 1,Image 2,"Too many details seems unrealistic because it feels unnatural or a little to fantasy-esc.
Some with too little detail also seem unrealistic because it feels like art made by a lazy artist"
10/06/2023 11:27:58,I consent,Image 1,Image 4,Image 3,Image 2,Image 2,Image 4,Image 3,Image 1,Image 3,Image 4,Image 1,Image 2,Image 2,Image 1,Image 3,Image 4,Image 2,Image 3,Image 4,Image 1,Image 3,Image 4,Image 1,Image 2,Image 2,Image 4,Image 3,Image 1,Image 1,Image 2,Image 4,Image 3,Image 1,Image 2,Image 4,Image 3,Image 1,Image 3,Image 2,Image 4,Image 3,Image 1,Image 2,Image 4,Image 1,Image 4,Image 3,Image 2,Image 4,Image 3,Image 1,Image 2,Image 2,Image 1,Image 3,Image 4,Image 2,Image 3,Image 4,Image 1,Image 1,Image 2,Image 3,Image 4,
10/06/2023 12:37:19,I consent,Image 2,Image 3,Image 4,Image 1,Image 2,Image 4,Image 3,Image 1,Image 3,Image 4,Image 1,Image 2,Image 1,Image 2,Image 4,Image 3,Image 2,Image 3,Image 4,Image 1,Image 3,Image 2,Image 4,Image 1,Image 4,Image 2,Image 3,Image 1,Image 1,Image 2,Image 4,Image 3,Image 2,Image 3,Image 1,Image 4,Image 4,Image 1,Image 3,Image 2,Image 3,Image 4,Image 2,Image 1,Image 3,Image 2,Image 1,Image 4,Image 4,Image 3,Image 1,Image 2,Image 1,Image 3,Image 2,Image 4,Image 3,Image 2,Image 4,Image 1,Image 3,Image 1,Image 4,Image 2,"Nice colours, but not unnaturally much :-)
Also some ""sharp"" and natural shapes on the mountains and other features."
10/06/2023 13:21:41,I consent,Image 2,Image 1,Image 3,Image 4,Image 2,Image 3,Image 1,Image 4,Image 3,Image 2,Image 1,Image 4,Image 2,Image 3,Image 1,Image 4,Image 2,Image 3,Image 1,Image 4,Image 2,Image 1,Image 3,Image 4,Image 3,Image 1,Image 2,Image 4,Image 3,Image 1,Image 2,Image 4,Image 2,Image 1,Image 3,Image 4,Image 1,Image 2,Image 3,Image 4,Image 2,Image 1,Image 3,Image 4,Image 3,Image 4,Image 1,Image 2,Image 3,Image 1,Image 2,Image 4,Image 2,Image 3,Image 4,Image 1,Image 2,Image 3,Image 1,Image 4,Image 4,Image 1,Image 2,Image 3,NA
10/06/2023 13:25:40,I consent,Image 1,Image 4,Image 3,Image 2,Image 2,Image 4,Image 3,Image 1,Image 1,Image 3,Image 4,Image 2,Image 2,Image 1,Image 4,Image 3,Image 2,Image 3,Image 4,Image 1,Image 1,Image 4,Image 3,Image 2,Image 2,Image 1,Image 4,Image 3,Image 3,Image 2,Image 4,Image 1,Image 1,Image 3,Image 2,Image 4,Image 4,Image 1,Image 3,Image 2,Image 2,Image 4,Image 3,Image 1,Image 3,Image 1,Image 4,Image 2,Image 4,Image 2,Image 3,Image 1,Image 1,Image 2,Image 3,Image 4,Image 2,Image 1,Image 3,Image 4,Image 3,Image 2,Image 1,Image 4,
10/06/2023 13:31:21,I consent,Image 4,Image 1,Image 2,Image 3,Image 2,Image 4,Image 3,Image 1,Image 3,Image 4,Image 1,Image 2,Image 2,Image 1,Image 3,Image 4,Image 2,Image 4,Image 3,Image 1,Image 2,Image 3,Image 4,Image 1,Image 2,Image 4,Image 3,Image 1,Image 2,Image 3,Image 4,Image 1,Image 1,Image 2,Image 4,Image 3,Image 4,Image 1,Image 3,Image 2,Image 2,Image 4,Image 3,Image 1,Image 3,Image 1,Image 2,Image 4,Image 4,Image 2,Image 3,Image 1,Image 2,Image 1,Image 3,Image 4,Image 2,Image 3,Image 4,Image 1,Image 4,Image 3,Image 2,Image 1,
10/06/2023 13:33:09,I consent,Image 2,Image 1,Image 4,Image 3,Image 2,Image 4,Image 3,Image 1,Image 1,Image 4,Image 3,Image 2,Image 2,Image 1,Image 4,Image 3,Image 3,Image 2,Image 4,Image 1,Image 2,Image 3,Image 4,Image 1,Image 2,Image 4,Image 3,Image 1,Image 2,Image 1,Image 4,Image 3,Image 2,Image 1,Image 4,Image 3,Image 4,Image 1,Image 3,Image 2,Image 2,Image 4,Image 3,Image 1,Image 3,Image 1,Image 2,Image 4,Image 4,Image 2,Image 3,Image 1,Image 2,Image 1,Image 3,Image 4,Image 2,Image 1,Image 4,Image 3,Image 2,Image 3,Image 4,Image 1,
10/06/2023 13:35:15,I consent,Image 1,Image 4,Image 2,Image 3,Image 2,Image 3,Image 4,Image 1,Image 3,Image 4,Image 1,Image 2,Image 4,Image 1,Image 2,Image 3,Image 3,Image 2,Image 4,Image 1,Image 3,Image 4,Image 2,Image 1,Image 4,Image 3,Image 2,Image 1,Image 2,Image 3,Image 4,Image 1,Image 1,Image 2,Image 3,Image 4,Image 4,Image 3,Image 1,Image 2,Image 2,Image 4,Image 1,Image 3,Image 4,Image 3,Image 1,Image 2,Image 4,Image 1,Image 3,Image 2,Image 2,Image 3,Image 4,Image 1,Image 2,Image 3,Image 4,Image 1,Image 1,Image 2,Image 3,Image 4,
10/06/2023 13:36:53,I consent,Image 1,Image 4,Image 2,Image 3,Image 2,Image 3,Image 4,Image 1,Image 1,Image 3,Image 2,Image 4,Image 2,Image 1,Image 3,Image 4,Image 2,Image 3,Image 4,Image 1,Image 3,Image 2,Image 1,Image 4,Image 2,Image 4,Image 3,Image 1,Image 3,Image 2,Image 4,Image 1,Image 1,Image 3,Image 2,Image 4,Image 1,Image 4,Image 2,Image 3,Image 2,Image 4,Image 1,Image 3,Image 3,Image 2,Image 1,Image 4,Image 3,Image 2,Image 1,Image 4,Image 2,Image 1,Image 3,Image 4,Image 2,Image 3,Image 1,Image 4,Image 4,Image 1,Image 3,Image 2,
10/06/2023 13:38:53,I consent,Image 1,Image 3,Image 4,Image 2,Image 4,Image 2,Image 3,Image 1,Image 3,Image 4,Image 1,Image 2,Image 1,Image 2,Image 4,Image 3,Image 3,Image 1,Image 2,Image 4,Image 2,Image 3,Image 4,Image 1,Image 3,Image 4,Image 2,Image 1,Image 1,Image 2,Image 4,Image 3,Image 3,Image 4,Image 2,Image 1,Image 1,Image 4,Image 2,Image 3,Image 2,Image 4,Image 3,Image 1,Image 4,Image 1,Image 2,Image 3,Image 4,Image 3,Image 2,Image 1,Image 2,Image 1,Image 4,Image 3,Image 2,Image 4,Image 3,Image 1,Image 4,Image 3,Image 2,Image 1,
10/06/2023 13:40:02,I consent,Image 1,Image 4,Image 3,Image 2,Image 2,Image 3,Image 4,Image 1,Image 4,Image 3,Image 1,Image 2,Image 2,Image 3,Image 4,Image 1,Image 3,Image 4,Image 2,Image 1,Image 4,Image 3,Image 2,Image 1,Image 3,Image 2,Image 4,Image 1,Image 2,Image 3,Image 4,Image 1,Image 1,Image 2,Image 3,Image 4,Image 4,Image 3,Image 1,Image 2,Image 2,Image 4,Image 1,Image 3,Image 3,Image 2,Image 1,Image 4,Image 4,Image 3,Image 1,Image 2,Image 2,Image 1,Image 3,Image 4,Image 2,Image 3,Image 4,Image 1,Image 1,Image 2,Image 4,Image 3,the sunsentssü´∞
10/06/2023 13:41:09,I consent,Image 1,Image 2,Image 3,Image 4,Image 1,Image 2,Image 3,Image 4,Image 1,Image 2,Image 3,Image 4,Image 1,Image 2,Image 3,Image 4,Image 1,Image 2,Image 3,Image 4,Image 1,Image 2,Image 3,Image 4,Image 1,Image 2,Image 3,Image 4,Image 1,Image 2,Image 3,Image 4,Image 1,Image 2,Image 3,Image 4,Image 1,Image 2,Image 3,Image 4,Image 1,Image 2,Image 3,Image 4,Image 1,Image 2,Image 3,Image 4,Image 1,Image 2,Image 3,Image 4,Image 1,Image 2,Image 3,Image 4,Image 1,Image 2,Image 3,Image 4,Image 1,Image 2,Image 3,Image 4,
10/06/2023 13:43:43,I consent,Image 3,Image 4,Image 2,Image 1,Image 4,Image 3,Image 2,Image 1,Image 1,Image 4,Image 3,Image 2,Image 2,Image 1,Image 3,Image 4,Image 4,Image 3,Image 2,Image 1,Image 2,Image 3,Image 4,Image 1,Image 2,Image 1,Image 4,Image 3,Image 3,Image 2,Image 4,Image 1,Image 1,Image 3,Image 2,Image 4,Image 1,Image 2,Image 4,Image 3,Image 2,Image 4,Image 3,Image 1,Image 3,Image 4,Image 2,Image 1,Image 4,Image 2,Image 3,Image 1,Image 2,Image 1,Image 3,Image 4,Image 2,Image 3,Image 4,Image 1,Image 2,Image 1,Image 3,Image 4,None
10/06/2023 13:46:02,I consent,Image 2,Image 1,Image 4,Image 3,Image 2,Image 4,Image 1,Image 3,Image 4,Image 3,Image 2,Image 1,Image 2,Image 4,Image 3,Image 1,Image 1,Image 3,Image 2,Image 4,Image 2,Image 1,Image 4,Image 3,Image 1,Image 4,Image 3,Image 2,Image 3,Image 4,Image 2,Image 1,Image 4,Image 3,Image 2,Image 1,Image 1,Image 2,Image 3,Image 4,Image 3,Image 4,Image 2,Image 1,Image 3,Image 2,Image 4,Image 1,Image 2,Image 1,Image 3,Image 4,Image 2,Image 1,Image 3,Image 4,Image 2,Image 1,Image 4,Image 3,Image 1,Image 2,Image 3,Image 4,
10/06/2023 16:00:16,I consent,Image 2,Image 3,Image 4,Image 1,Image 2,Image 4,Image 1,Image 3,Image 1,Image 3,Image 2,Image 4,Image 3,Image 2,Image 1,Image 4,Image 2,Image 4,Image 3,Image 1,Image 2,Image 3,Image 1,Image 4,Image 4,Image 3,Image 1,Image 2,Image 2,Image 3,Image 4,Image 1,Image 2,Image 4,Image 1,Image 3,Image 4,Image 2,Image 3,Image 1,Image 1,Image 2,Image 4,Image 3,Image 3,Image 2,Image 1,Image 4,Image 4,Image 3,Image 1,Image 2,Image 2,Image 1,Image 3,Image 4,Image 2,Image 3,Image 4,Image 1,Image 3,Image 2,Image 1,Image 4,Clarity and diverse lighting.
10/06/2023 16:04:54,I consent,Image 2,Image 3,Image 1,Image 4,Image 1,Image 3,Image 4,Image 2,Image 1,Image 4,Image 3,Image 2,Image 1,Image 2,Image 3,Image 4,Image 1,Image 2,Image 3,Image 4,Image 4,Image 1,Image 2,Image 3,Image 1,Image 4,Image 3,Image 2,Image 2,Image 3,Image 1,Image 4,Image 2,Image 1,Image 3,Image 4,Image 2,Image 1,Image 3,Image 4,Image 2,Image 1,Image 3,Image 4,Image 4,Image 2,Image 3,Image 1,Image 1,Image 2,Image 4,Image 3,Image 2,Image 3,Image 1,Image 4,Image 1,Image 4,Image 3,Image 2,Image 4,Image 2,Image 3,Image 1,
10/06/2023 17:14:02,I consent,Image 1,Image 4,Image 2,Image 3,Image 3,Image 1,Image 4,Image 2,Image 1,Image 4,Image 3,Image 2,Image 2,Image 1,Image 3,Image 4,Image 3,Image 2,Image 4,Image 1,Image 2,Image 1,Image 3,Image 4,Image 4,Image 3,Image 2,Image 1,Image 3,Image 4,Image 1,Image 2,Image 1,Image 2,Image 4,Image 3,Image 3,Image 2,Image 1,Image 4,Image 2,Image 3,Image 1,Image 4,Image 3,Image 1,Image 4,Image 2,Image 1,Image 3,Image 2,Image 4,Image 2,Image 1,Image 4,Image 3,Image 1,Image 3,Image 4,Image 2,Image 1,Image 2,Image 3,Image 4,"I rated by blurriness, level of detail, artifacts (repeating patterns), not too dark and not too bright. "
10/06/2023 17:31:32,I consent,Image 2,Image 4,Image 1,Image 3,Image 2,Image 3,Image 4,Image 1,Image 1,Image 4,Image 3,Image 2,Image 2,Image 4,Image 1,Image 3,Image 3,Image 1,Image 2,Image 4,Image 2,Image 3,Image 4,Image 1,Image 2,Image 3,Image 4,Image 1,Image 1,Image 3,Image 2,Image 4,Image 1,Image 2,Image 3,Image 4,Image 1,Image 3,Image 4,Image 2,Image 2,Image 1,Image 4,Image 3,Image 3,Image 2,Image 4,Image 1,Image 4,Image 1,Image 3,Image 2,Image 2,Image 3,Image 4,Image 1,Image 2,Image 3,Image 4,Image 1,Image 4,Image 1,Image 3,Image 2,Warm colors and pictures reminding you of your vacations
10/06/2023 18:39:53,I consent,Image 2,Image 1,Image 4,Image 3,Image 2,Image 4,Image 3,Image 1,Image 3,Image 1,Image 4,Image 2,Image 2,Image 1,Image 4,Image 3,Image 3,Image 4,Image 2,Image 1,Image 3,Image 4,Image 1,Image 2,Image 2,Image 4,Image 3,Image 1,Image 3,Image 2,Image 1,Image 4,Image 1,Image 2,Image 4,Image 3,Image 1,Image 2,Image 3,Image 4,Image 2,Image 3,Image 1,Image 4,Image 3,Image 1,Image 2,Image 4,Image 4,Image 1,Image 2,Image 3,Image 2,Image 1,Image 4,Image 3,Image 2,Image 3,Image 1,Image 4,Image 1,Image 2,Image 3,Image 4,
10/06/2023 18:51:42,I consent,Image 1,Image 4,Image 2,Image 3,Image 2,Image 4,Image 3,Image 1,Image 3,Image 4,Image 1,Image 2,Image 2,Image 1,Image 4,Image 3,Image 3,Image 2,Image 4,Image 1,Image 2,Image 3,Image 4,Image 1,Image 2,Image 1,Image 3,Image 4,Image 3,Image 1,Image 2,Image 4,Image 1,Image 3,Image 4,Image 2,Image 1,Image 4,Image 3,Image 2,Image 1,Image 3,Image 2,Image 4,Image 3,Image 1,Image 2,Image 4,Image 4,Image 1,Image 3,Image 2,Image 2,Image 1,Image 3,Image 4,Image 2,Image 3,Image 4,Image 1,Image 4,Image 2,Image 3,Image 1,Image 2 Q 14
10/06/2023 21:05:20,I consent,Image 1,Image 3,Image 4,Image 2,Image 2,Image 1,Image 3,Image 4,Image 3,Image 1,Image 4,Image 2,Image 2,Image 1,Image 3,Image 4,Image 2,Image 1,Image 4,Image 3,Image 2,Image 1,Image 3,Image 4,Image 2,Image 4,Image 3,Image 1,Image 3,Image 2,Image 4,Image 1,Image 1,Image 3,Image 2,Image 4,Image 4,Image 1,Image 3,Image 2,Image 2,Image 4,Image 1,Image 3,Image 3,Image 2,Image 1,Image 4,Image 4,Image 2,Image 1,Image 3,Image 2,Image 3,Image 1,Image 4,Image 2,Image 3,Image 4,Image 1,Image 1,Image 3,Image 4,Image 2,I liked the sunset versions :)
10/06/2023 21:06:28,I consent,Image 1,Image 2,Image 4,Image 3,Image 3,Image 2,Image 4,Image 1,Image 3,Image 1,Image 4,Image 2,Image 3,Image 1,Image 2,Image 4,Image 4,Image 3,Image 1,Image 2,Image 2,Image 3,Image 1,Image 4,Image 3,Image 1,Image 4,Image 2,Image 1,Image 4,Image 2,Image 3,Image 2,Image 4,Image 3,Image 1,Image 1,Image 2,Image 3,Image 4,Image 2,Image 4,Image 1,Image 3,Image 4,Image 2,Image 1,Image 3,Image 1,Image 2,Image 3,Image 4,Image 1,Image 4,Image 3,Image 2,Image 1,Image 4,Image 2,Image 3,Image 1,Image 2,Image 3,Image 4,how realistic they are. i also like the ones that have less obvious repitition in like the waves
10/06/2023 21:45:13,I consent,Image 1,Image 4,Image 2,Image 3,Image 4,Image 3,Image 2,Image 1,Image 3,Image 1,Image 4,Image 2,Image 2,Image 1,Image 4,Image 3,Image 3,Image 2,Image 4,Image 1,Image 1,Image 3,Image 4,Image 2,Image 2,Image 4,Image 1,Image 3,Image 3,Image 2,Image 4,Image 1,Image 1,Image 4,Image 3,Image 2,Image 3,Image 1,Image 4,Image 2,Image 2,Image 4,Image 3,Image 1,Image 3,Image 2,Image 4,Image 1,Image 4,Image 3,Image 1,Image 2,Image 2,Image 3,Image 1,Image 4,Image 2,Image 1,Image 4,Image 3,Image 4,Image 3,Image 1,Image 2,"The cotton candy sunsets remind me of my home town sunsets in Port Elgin, Ontario, very realistic, I also really like the mountains with the overcast clouds in the valley, it looks like they were photos taken from New Zealand or British Columbia."
11/06/2023 01:22:59,I consent,Image 1,Image 3,Image 2,Image 4,Image 1,Image 3,Image 4,Image 2,Image 1,Image 4,Image 2,Image 3,Image 4,Image 2,Image 3,Image 1,Image 1,Image 3,Image 4,Image 2,Image 2,Image 3,Image 1,Image 4,Image 1,Image 3,Image 4,Image 2,Image 3,Image 1,Image 4,Image 2,Image 1,Image 3,Image 4,Image 2,Image 2,Image 1,Image 3,Image 4,Image 3,Image 2,Image 4,Image 1,Image 4,Image 3,Image 1,Image 2,Image 3,Image 1,Image 2,Image 4,Image 4,Image 3,Image 2,Image 1,Image 1,Image 3,Image 2,Image 4,Image 4,Image 1,Image 3,Image 2,
11/06/2023 11:39:46,I consent,Image 1,Image 3,Image 2,Image 4,Image 4,Image 2,Image 3,Image 1,Image 3,Image 4,Image 1,Image 2,Image 2,Image 4,Image 1,Image 3,Image 4,Image 2,Image 3,Image 1,Image 3,Image 4,Image 2,Image 1,Image 4,Image 2,Image 3,Image 1,Image 4,Image 2,Image 3,Image 1,Image 1,Image 4,Image 3,Image 2,Image 4,Image 2,Image 1,Image 3,Image 2,Image 4,Image 3,Image 1,Image 3,Image 2,Image 1,Image 4,Image 1,Image 4,Image 2,Image 3,Image 2,Image 3,Image 4,Image 1,Image 2,Image 3,Image 4,Image 1,Image 4,Image 2,Image 3,Image 1,
11/06/2023 13:21:57,I consent,Image 2,Image 4,Image 3,Image 1,Image 1,Image 3,Image 4,Image 2,Image 1,Image 3,Image 4,Image 2,Image 4,Image 2,Image 3,Image 1,Image 1,Image 2,Image 4,Image 3,Image 1,Image 4,Image 2,Image 3,Image 4,Image 3,Image 1,Image 2,Image 2,Image 1,Image 4,Image 3,Image 2,Image 4,Image 1,Image 3,Image 1,Image 3,Image 2,Image 4,Image 4,Image 1,Image 2,Image 3,Image 4,Image 2,Image 3,Image 1,Image 1,Image 3,Image 2,Image 4,Image 4,Image 2,Image 1,Image 3,Image 3,Image 4,Image 2,Image 1,Image 4,Image 3,Image 2,Image 1,
11/06/2023 13:50:30,I consent,Image 1,Image 4,Image 2,Image 3,Image 2,Image 4,Image 3,Image 1,Image 1,Image 3,Image 4,Image 2,Image 2,Image 1,Image 3,Image 4,Image 3,Image 4,Image 2,Image 1,Image 2,Image 4,Image 1,Image 3,Image 4,Image 2,Image 3,Image 1,Image 2,Image 4,Image 3,Image 1,Image 1,Image 2,Image 3,Image 4,Image 4,Image 1,Image 2,Image 3,Image 2,Image 4,Image 1,Image 3,Image 3,Image 2,Image 1,Image 4,Image 4,Image 3,Image 1,Image 2,Image 2,Image 3,Image 1,Image 4,Image 2,Image 3,Image 1,Image 4,Image 3,Image 1,Image 2,Image 4,
11/06/2023 13:51:25,I consent,Image 4,Image 2,Image 3,Image 1,Image 1,Image 4,Image 3,Image 2,Image 1,Image 4,Image 3,Image 2,Image 2,Image 1,Image 4,Image 3,Image 3,Image 4,Image 2,Image 1,Image 2,Image 3,Image 4,Image 1,Image 2,Image 4,Image 3,Image 1,Image 2,Image 3,Image 4,Image 1,Image 1,Image 3,Image 2,Image 4,Image 4,Image 3,Image 1,Image 2,Image 2,Image 4,Image 3,Image 1,Image 3,Image 2,Image 1,Image 4,Image 4,Image 3,Image 1,Image 2,Image 2,Image 3,Image 1,Image 4,Image 2,Image 3,Image 4,Image 1,Image 1,Image 2,Image 3,Image 4,more significant pictures with more contrast colourway are my favorite. if it changes more between dark and light compared to the ones that dont go as dark
11/06/2023 13:52:43,I consent,Image 1,Image 2,Image 4,Image 3,Image 1,Image 2,Image 3,Image 4,Image 3,Image 2,Image 1,Image 4,Image 4,Image 2,Image 3,Image 1,Image 4,Image 3,Image 2,Image 1,Image 1,Image 2,Image 4,Image 3,Image 4,Image 3,Image 2,Image 1,Image 2,Image 4,Image 3,Image 1,Image 2,Image 4,Image 3,Image 1,Image 1,Image 2,Image 3,Image 4,Image 2,Image 1,Image 3,Image 4,Image 4,Image 1,Image 2,Image 3,Image 1,Image 3,Image 2,Image 4,Image 4,Image 3,Image 1,Image 2,Image 1,Image 3,Image 4,Image 2,Image 4,Image 3,Image 2,Image 1,
11/06/2023 14:06:36,I consent,Image 2,Image 1,Image 4,Image 3,Image 3,Image 4,Image 2,Image 1,Image 3,Image 4,Image 1,Image 2,Image 2,Image 3,Image 1,Image 4,Image 2,Image 3,Image 4,Image 1,Image 3,Image 4,Image 2,Image 1,Image 2,Image 4,Image 3,Image 1,Image 4,Image 2,Image 3,Image 1,Image 1,Image 2,Image 4,Image 3,Image 4,Image 2,Image 1,Image 3,Image 2,Image 4,Image 3,Image 1,Image 3,Image 4,Image 2,Image 1,Image 4,Image 3,Image 1,Image 2,Image 2,Image 3,Image 1,Image 4,Image 2,Image 3,Image 4,Image 1,Image 2,Image 4,Image 3,Image 1,
11/06/2023 14:11:53,I consent,Image 1,Image 3,Image 2,Image 4,Image 2,Image 3,Image 4,Image 1,Image 1,Image 3,Image 4,Image 2,Image 2,Image 1,Image 4,Image 3,Image 3,Image 2,Image 4,Image 1,Image 1,Image 3,Image 4,Image 2,Image 2,Image 4,Image 3,Image 1,Image 4,Image 3,Image 2,Image 1,Image 1,Image 2,Image 3,Image 4,Image 1,Image 4,Image 3,Image 2,Image 2,Image 4,Image 1,Image 3,Image 3,Image 1,Image 2,Image 4,Image 4,Image 1,Image 3,Image 2,Image 2,Image 1,Image 3,Image 4,Image 2,Image 3,Image 1,Image 4,Image 1,Image 3,Image 4,Image 2,
11/06/2023 14:29:12,I consent,Image 3,Image 2,Image 1,Image 4,Image 4,Image 3,Image 2,Image 1,Image 1,Image 3,Image 2,Image 4,Image 3,Image 1,Image 4,Image 2,Image 2,Image 1,Image 3,Image 4,Image 3,Image 2,Image 4,Image 1,Image 3,Image 4,Image 2,Image 1,Image 2,Image 4,Image 3,Image 1,Image 1,Image 3,Image 2,Image 4,Image 1,Image 2,Image 3,Image 4,Image 2,Image 4,Image 3,Image 1,Image 3,Image 1,Image 2,Image 4,Image 4,Image 3,Image 1,Image 2,Image 2,Image 4,Image 3,Image 1,Image 3,Image 2,Image 4,Image 1,Image 1,Image 3,Image 4,Image 2,
11/06/2023 15:10:59,I consent,Image 1,Image 4,Image 2,Image 3,Image 3,Image 4,Image 2,Image 1,Image 3,Image 4,Image 2,Image 1,Image 2,Image 1,Image 4,Image 3,Image 4,Image 1,Image 3,Image 2,Image 2,Image 3,Image 1,Image 4,Image 2,Image 4,Image 1,Image 3,Image 3,Image 2,Image 4,Image 1,Image 1,Image 2,Image 3,Image 4,Image 1,Image 3,Image 2,Image 4,Image 2,Image 1,Image 3,Image 4,Image 3,Image 1,Image 4,Image 2,Image 4,Image 3,Image 1,Image 2,Image 2,Image 1,Image 3,Image 4,Image 3,Image 2,Image 4,Image 1,Image 4,Image 3,Image 1,Image 2,
11/06/2023 15:13:46,I consent,Image 1,Image 2,Image 3,Image 4,Image 1,Image 3,Image 4,Image 2,Image 3,Image 4,Image 2,Image 1,Image 1,Image 2,Image 3,Image 4,Image 1,Image 4,Image 3,Image 2,Image 1,Image 2,Image 4,Image 3,Image 3,Image 4,Image 1,Image 2,Image 1,Image 4,Image 2,Image 3,Image 1,Image 2,Image 4,Image 3,Image 1,Image 4,Image 3,Image 2,Image 1,Image 2,Image 3,Image 4,Image 1,Image 2,Image 4,Image 3,Image 1,Image 3,Image 2,Image 4,Image 4,Image 3,Image 1,Image 2,Image 4,Image 3,Image 1,Image 2,Image 1,Image 3,Image 2,Image 4,
11/06/2023 16:22:24,I consent,Image 1,Image 3,Image 2,Image 4,Image 1,Image 4,Image 3,Image 2,Image 3,Image 1,Image 2,Image 4,Image 4,Image 1,Image 3,Image 2,Image 1,Image 3,Image 4,Image 2,Image 3,Image 4,Image 2,Image 1,Image 2,Image 1,Image 3,Image 4,Image 2,Image 3,Image 1,Image 4,Image 1,Image 3,Image 2,Image 4,Image 1,Image 2,Image 3,Image 4,Image 2,Image 3,Image 1,Image 4,Image 3,Image 1,Image 4,Image 2,Image 4,Image 1,Image 3,Image 2,Image 2,Image 1,Image 3,Image 4,Image 1,Image 2,Image 3,Image 4,Image 4,Image 3,Image 1,Image 2,I didn't like anything that looked like ai artifacts which means black dots or features that looked to repeating. My selection otherwise bias sunsets sinse it often made the composition more interesting. 
11/06/2023 17:05:55,I consent,Image 2,Image 1,Image 4,Image 3,Image 4,Image 2,Image 3,Image 1,Image 3,Image 4,Image 1,Image 2,Image 2,Image 3,Image 1,Image 4,Image 2,Image 3,Image 4,Image 1,Image 2,Image 3,Image 4,Image 1,Image 2,Image 4,Image 1,Image 3,Image 3,Image 1,Image 2,Image 4,Image 1,Image 2,Image 4,Image 3,Image 2,Image 1,Image 4,Image 3,Image 2,Image 4,Image 1,Image 3,Image 2,Image 3,Image 1,Image 4,Image 4,Image 2,Image 1,Image 3,Image 2,Image 3,Image 4,Image 1,Image 2,Image 3,Image 4,Image 1,Image 1,Image 3,Image 2,Image 4,
11/06/2023 17:14:40,I consent,Image 2,Image 4,Image 1,Image 3,Image 2,Image 3,Image 1,Image 4,Image 1,Image 4,Image 3,Image 2,Image 2,Image 1,Image 3,Image 4,Image 4,Image 2,Image 3,Image 1,Image 3,Image 4,Image 2,Image 1,Image 3,Image 2,Image 4,Image 1,Image 4,Image 3,Image 1,Image 2,Image 1,Image 2,Image 3,Image 4,Image 4,Image 1,Image 2,Image 3,Image 2,Image 4,Image 1,Image 3,Image 3,Image 4,Image 1,Image 2,Image 4,Image 1,Image 3,Image 2,Image 2,Image 3,Image 1,Image 4,Image 2,Image 4,Image 3,Image 1,Image 2,Image 3,Image 1,Image 4,
11/06/2023 18:59:17,I consent,Image 1,Image 3,Image 2,Image 4,Image 1,Image 4,Image 3,Image 2,Image 3,Image 1,Image 4,Image 2,Image 2,Image 1,Image 3,Image 4,Image 3,Image 2,Image 4,Image 1,Image 2,Image 3,Image 1,Image 4,Image 4,Image 3,Image 2,Image 1,Image 2,Image 3,Image 4,Image 1,Image 2,Image 1,Image 3,Image 4,Image 2,Image 3,Image 4,Image 1,Image 3,Image 4,Image 1,Image 2,Image 2,Image 3,Image 4,Image 1,Image 4,Image 3,Image 1,Image 2,Image 2,Image 3,Image 4,Image 1,Image 1,Image 2,Image 3,Image 4,Image 4,Image 3,Image 1,Image 2,
12/06/2023 11:47:19,I consent,Image 1,Image 4,Image 2,Image 3,Image 2,Image 4,Image 1,Image 3,Image 2,Image 4,Image 3,Image 1,Image 1,Image 4,Image 3,Image 2,Image 3,Image 2,Image 4,Image 1,Image 3,Image 2,Image 1,Image 4,Image 3,Image 4,Image 2,Image 1,Image 2,Image 4,Image 1,Image 3,Image 1,Image 3,Image 2,Image 4,Image 4,Image 3,Image 1,Image 2,Image 4,Image 3,Image 2,Image 1,Image 3,Image 2,Image 1,Image 4,Image 1,Image 2,Image 4,Image 3,Image 1,Image 2,Image 3,Image 4,Image 4,Image 3,Image 2,Image 1,Image 2,Image 4,Image 3,Image 1,
12/06/2023 12:14:09,I consent,Image 4,Image 1,Image 2,Image 3,Image 2,Image 4,Image 1,Image 3,Image 3,Image 1,Image 4,Image 2,Image 4,Image 2,Image 1,Image 3,Image 2,Image 3,Image 4,Image 1,Image 2,Image 4,Image 1,Image 3,Image 1,Image 2,Image 3,Image 4,Image 1,Image 4,Image 3,Image 2,Image 1,Image 3,Image 2,Image 4,Image 1,Image 2,Image 3,Image 4,Image 1,Image 2,Image 3,Image 4,Image 1,Image 2,Image 3,Image 4,Image 1,Image 2,Image 3,Image 4,Image 2,Image 3,Image 4,Image 1,Image 2,Image 1,Image 3,Image 4,Image 2,Image 1,Image 3,Image 4,
12/06/2023 12:30:39,I consent,Image 3,Image 2,Image 1,Image 4,Image 4,Image 3,Image 2,Image 1,Image 3,Image 4,Image 1,Image 2,Image 2,Image 1,Image 3,Image 4,Image 2,Image 3,Image 4,Image 1,Image 3,Image 1,Image 4,Image 2,Image 2,Image 4,Image 3,Image 1,Image 3,Image 2,Image 4,Image 1,Image 1,Image 2,Image 3,Image 4,Image 2,Image 1,Image 4,Image 3,Image 4,Image 3,Image 2,Image 1,Image 3,Image 2,Image 1,Image 4,Image 3,Image 4,Image 1,Image 2,Image 2,Image 3,Image 1,Image 4,Image 2,Image 3,Image 4,Image 1,Image 4,Image 3,Image 1,Image 2,
12/06/2023 15:23:35,I consent,Image 1,Image 3,Image 2,Image 4,Image 2,Image 3,Image 4,Image 1,Image 3,Image 1,Image 4,Image 2,Image 2,Image 1,Image 3,Image 4,Image 2,Image 3,Image 4,Image 1,Image 3,Image 4,Image 2,Image 1,Image 2,Image 3,Image 4,Image 1,Image 3,Image 2,Image 4,Image 1,Image 1,Image 2,Image 4,Image 3,Image 4,Image 1,Image 3,Image 2,Image 2,Image 4,Image 1,Image 3,Image 3,Image 1,Image 2,Image 4,Image 4,Image 3,Image 1,Image 2,Image 2,Image 1,Image 4,Image 3,Image 2,Image 1,Image 3,Image 4,Image 4,Image 3,Image 2,Image 1,High contrast in color and definite shapes apparently
12/06/2023 16:07:15,I consent,Image 1,Image 4,Image 2,Image 3,Image 3,Image 4,Image 2,Image 1,Image 1,Image 3,Image 4,Image 2,Image 2,Image 1,Image 4,Image 3,Image 2,Image 3,Image 4,Image 1,Image 3,Image 2,Image 4,Image 1,Image 2,Image 4,Image 3,Image 1,Image 2,Image 3,Image 4,Image 1,Image 1,Image 2,Image 3,Image 4,Image 3,Image 2,Image 4,Image 1,Image 2,Image 4,Image 3,Image 1,Image 3,Image 2,Image 1,Image 4,Image 4,Image 1,Image 3,Image 2,Image 2,Image 3,Image 1,Image 4,Image 2,Image 3,Image 4,Image 1,Image 4,Image 1,Image 3,Image 2,Color
12/06/2023 20:02:59,I consent,Image 1,Image 2,Image 3,Image 4,Image 4,Image 3,Image 2,Image 1,Image 1,Image 3,Image 4,Image 2,Image 2,Image 1,Image 4,Image 3,Image 2,Image 1,Image 4,Image 3,Image 3,Image 1,Image 4,Image 2,Image 2,Image 4,Image 3,Image 1,Image 3,Image 2,Image 4,Image 1,Image 1,Image 3,Image 2,Image 4,Image 4,Image 1,Image 3,Image 2,Image 2,Image 4,Image 3,Image 1,Image 3,Image 1,Image 2,Image 4,Image 4,Image 3,Image 1,Image 2,Image 2,Image 1,Image 3,Image 4,Image 4,Image 3,Image 2,Image 1,Image 4,Image 3,Image 2,Image 1,
12/06/2023 21:31:44,I consent,Image 1,Image 4,Image 2,Image 3,Image 2,Image 4,Image 3,Image 1,Image 3,Image 4,Image 1,Image 2,Image 2,Image 4,Image 1,Image 3,Image 3,Image 4,Image 2,Image 1,Image 2,Image 3,Image 4,Image 1,Image 4,Image 3,Image 1,Image 2,Image 4,Image 3,Image 1,Image 2,Image 1,Image 2,Image 4,Image 3,Image 1,Image 3,Image 2,Image 4,Image 2,Image 4,Image 3,Image 1,Image 4,Image 3,Image 2,Image 1,Image 4,Image 3,Image 1,Image 2,Image 2,Image 1,Image 3,Image 4,Image 2,Image 3,Image 4,Image 1,Image 4,Image 3,Image 2,Image 1,